"","testing_high","prob"
"2",1,0.0749749240678291
"9",0,0.0151148965118218
"11",0,0.000281505291385551
"17",0,8.64780616057944e-05
"19",0,0.00024816447033877
"20",1,0.567752739178097
